file, min_sieve, max_sieve, average_sieve, D5, D10, D16, D25, D50, D75, D84, D95
N7B.jpg,10,230,120,24.134488636363635,16.269080485814847,12.45674178829477,9.038458319419863,5.330139959543841,4.110112049996657,3.753856515807194,2.9721972117360145
N6B.jpg,10,230,120,24.134488636363635,16.269080485814847,12.45674178829477,9.038458319419863,5.330139959543841,4.110112049996657,3.753856515807194,2.9721972117360145
N5B.jpg,10,230,120,24.134488636363635,16.269080485814847,12.45674178829477,9.038458319419863,5.330139959543841,4.110112049996657,3.753856515807194,2.9721972117360145