file, min_sieve, max_sieve, average_sieve, p5, p10, p16, p25, p50, p75, p84, p95
3in.jpg,10,230,120.0,2.9721972117360145,3.753856515807194,4.110112049996657,5.330139959543841,9.038458319419863,12.45674178829477,16.269080485814847,24.134488636363635
4in.jpg,10,230,120.0,2.2292606343599783,2.8155347581518235,3.0827399203818167,3.997807124144337,6.779186538236937,9.343028784019625,12.202427396490814,18.10178181818182
5in.jpg,10,230,120.0,1.7833183270416089,2.2523139094843168,2.466067229997994,3.198083975726305,5.4230749916519185,7.474045072976863,9.76144829148891,14.480693181818182
6in.jpg,10,230,120.0,1.4900815755828496,1.8819587103773716,2.0605638869110927,2.6722127716266826,4.531341379455299,6.245063873029298,8.156342044822676,12.099586363636364
7in.jpg,10,230,120.0,1.2796605340440166,1.6161989570458888,1.7695825028405328,2.2948577302430473,3.8914505249830955,5.363170649079225,7.00454873609242,10.390949999999998