file, min_sieve, max_sieve, average_sieve, p5, p10, p16, p25, p50, p75, p84, p95
3in.jpg,10,230,120,24.134488636363635,16.269080485814847,12.45674178829477,9.038458319419863,5.330139959543841,4.110112049996657,3.753856515807194,2.9721972117360145
4in.jpg,10,230,120,18.10178181818182,12.202427396490814,9.343028784019625,6.779186538236937,3.997807124144337,3.0827399203818167,2.8155347581518235,2.2292606343599783
5in.jpg,10,230,120,14.480693181818182,9.76144829148891,7.474045072976863,5.4230749916519185,3.198083975726305,2.466067229997994,2.2523139094843168,1.7833183270416089
6in.jpg,10,230,120,12.099586363636364,8.156342044822676,6.245063873029298,4.531341379455299,2.6722127716266826,2.0605638869110927,1.8819587103773716,1.4900815755828496
7in.jpg,10,230,120,10.390949999999998,7.00454873609242,5.363170649079225,3.8914505249830955,2.2948577302430473,1.7695825028405328,1.6161989570458888,1.2796605340440166